{
    "graph_4": {
        "_type": "graph-file",
        "sha256": "13ed47c30796c41cdaf2365573ba29fc6d67c48b5814fddfe6c0234c9eb33ef0",
        "path": "media/graph/graph_4_summary_13ed47c3.graph.json",
        "size": 484
    },
    "final_train_acc_rnn_fold_4_n_train_950": 0.4957894682884216,
    "final_val_loss_rnn_fold_10_n_train_950": 0.7939670085906982,
    "val_acc_rnn_fold_2_n_train_950": 0.4637681245803833,
    "val_acc_rnn_fold_9_n_train_950": 0.47058823704719543,
    "final_train_acc_rnn_fold_1_n_train_950": 0.5084210634231567,
    "test_acc_rnn_fold_9_n_train_950": 0.496445506811142,
    "test_loss_rnn_fold_1_n_train_950": 0.7937854421143368,
    "train_acc_rnn_fold_5_n_train_950": 0.5052631497383118,
    "train_loss_rnn_fold_3_n_train_950": 0.8659484148025512,
    "train_loss_rnn_fold_5_n_train_950": 0.9616577208042144,
    "final_val_loss_rnn_fold_4_n_train_950": 0.7844979763031006,
    "avg_val_loss_950": 0.8179477453231812,
    "val_acc_rnn_fold_1_n_train_950": 0.5,
    "final_train_acc_rnn_fold_2_n_train_950": 0.5326315760612488,
    "test_loss_rnn_fold_10_n_train_950": 0.7949620883301072,
    "final_val_acc_rnn_fold_4_n_train_950": 0.453125,
    "_runtime": 66,
    "n_parameters": 3560,
    "test_acc_rnn_fold_4_n_train_950": 0.5003993511199951,
    "val_loss_rnn_fold_7_n_train_950": 0.8476837873458862,
    "final_val_acc_rnn_fold_7_n_train_950": 0.6115702390670776,
    "final_train_loss_rnn_fold_9_n_train_950": 0.9150004148483276,
    "val_loss_rnn_fold_2_n_train_950": 0.8167451620101929,
    "test_loss_rnn_fold_9_n_train_950": 0.8364204440683739,
    "train_loss_rnn_fold_4_n_train_950": 0.8254442334175109,
    "train_loss_rnn_fold_9_n_train_950": 0.9150004148483276,
    "test_loss_rnn_fold_3_n_train_950": 0.8178873524842102,
    "test_loss_rnn_fold_8_n_train_950": 0.7892036717254799,
    "final_val_acc_rnn_fold_10_n_train_950": 0.5103448033332825,
    "final_train_acc_rnn_fold_6_n_train_950": 0.5073684453964233,
    "final_train_loss_rnn_fold_7_n_train_950": 1.01044881939888,
    "train_acc_rnn_fold_10_n_train_950": 0.4884210526943207,
    "final_val_acc_rnn_fold_5_n_train_950": 0.462184876203537,
    "final_val_loss_rnn_fold_3_n_train_950": 0.8144528269767761,
    "final_train_loss_rnn_fold_8_n_train_950": 0.8312231838703156,
    "graph_2": {
        "path": "media/graph/graph_2_summary_e5a254d4.graph.json",
        "size": 484,
        "_type": "graph-file",
        "sha256": "e5a254d4d5d5bba7d157df75b7c5edd2dbaeb02856e681ecb7312b5ac337ca6d"
    },
    "_timestamp": 1617183414,
    "avg_val_acc_950": 0.4919562339782715,
    "val_loss_rnn_fold_9_n_train_950": 0.8544795513153076,
    "val_loss_rnn_fold_10_n_train_950": 0.7939670085906982,
    "train_loss_rnn_fold_8_n_train_950": 0.8312231838703156,
    "val_acc_rnn_fold_3_n_train_950": 0.49264705181121826,
    "test_loss_rnn_fold_7_n_train_950": 0.9014931244598224,
    "train_acc_rnn_fold_2_n_train_950": 0.5326315760612488,
    "train_acc_rnn_fold_4_n_train_950": 0.4957894682884216,
    "final_train_loss_rnn_fold_2_n_train_950": 0.8677164316177368,
    "graph_3": {
        "_type": "graph-file",
        "sha256": "947834f5dad2f2a991b3cabeb02830b7244c39ce783564108d8369cc9acc55d2",
        "path": "media/graph/graph_3_summary_947834f5.graph.json",
        "size": 484
    },
    "avg_test_acc_950": 0.496567815542221,
    "final_train_loss_rnn_fold_10_n_train_950": 0.8319627463817596,
    "train_loss_rnn_fold_1_n_train_950": 0.8495774269104004,
    "train_loss_rnn_fold_2_n_train_950": 0.8677164316177368,
    "final_val_acc_rnn_fold_9_n_train_950": 0.47058823704719543,
    "final_val_loss_rnn_fold_6_n_train_950": 0.8138894438743591,
    "final_val_loss_rnn_fold_9_n_train_950": 0.8544795513153076,
    "final_train_acc_rnn_fold_9_n_train_950": 0.4957894682884216,
    "graph_7": {
        "path": "media/graph/graph_7_summary_a87453f2.graph.json",
        "size": 484,
        "_type": "graph-file",
        "sha256": "a87453f21be51586fbde38b2297d23eea8626f53c92fe1b5a931e9a656444f61"
    },
    "test_acc_rnn_fold_3_n_train_950": 0.49733230471611023,
    "test_acc_rnn_fold_6_n_train_950": 0.4904507398605346,
    "val_loss_rnn_fold_1_n_train_950": 0.7956099212169647,
    "train_acc_rnn_fold_9_n_train_950": 0.4957894682884216,
    "final_train_loss_rnn_fold_5_n_train_950": 0.9616577208042144,
    "final_train_loss_rnn_fold_1_n_train_950": 0.8495774269104004,
    "graph_8": {
        "path": "media/graph/graph_8_summary_f21d6219.graph.json",
        "size": 484,
        "_type": "graph-file",
        "sha256": "f21d6219ac08d4868585fbe7f91138474130e8ce0382668739ee186165a7b55b"
    },
    "graph_9": {
        "path": "media/graph/graph_9_summary_d1641729.graph.json",
        "size": 484,
        "_type": "graph-file",
        "sha256": "d1641729a634c6665245296b103d8e98ae5440271a51ec1672a8ecd1decb5b0a"
    },
    "train_acc_rnn_fold_3_n_train_950": 0.5010526180267334,
    "train_acc_rnn_fold_8_n_train_950": 0.4989473819732666,
    "final_val_loss_rnn_fold_2_n_train_950": 0.8167451620101929,
    "final_train_acc_rnn_fold_7_n_train_950": 0.47894737124443054,
    "test_acc_rnn_fold_5_n_train_950": 0.496219664812088,
    "test_acc_rnn_fold_8_n_train_950": 0.498834490776062,
    "final_val_acc_rnn_fold_3_n_train_950": 0.49264705181121826,
    "final_train_acc_rnn_fold_8_n_train_950": 0.4989473819732666,
    "avg_train_loss_950": 0.8818058967590332,
    "test_acc_rnn_fold_10_n_train_950": 0.48273125290870667,
    "final_val_acc_rnn_fold_1_n_train_950": 0.5,
    "final_val_loss_rnn_fold_7_n_train_950": 0.8476837873458862,
    "test_loss_rnn_fold_2_n_train_950": 0.8147990008309558,
    "test_loss_rnn_fold_4_n_train_950": 0.7825407471043614,
    "train_acc_rnn_fold_7_n_train_950": 0.47894737124443054,
    "final_val_loss_rnn_fold_8_n_train_950": 0.8006521761417389,
    "_step": 69,
    "train_loss_rnn_fold_7_n_train_950": 1.01044881939888,
    "avg_train_acc_950": 0.5012631416320801,
    "val_acc_rnn_fold_4_n_train_950": 0.453125,
    "final_val_acc_rnn_fold_8_n_train_950": 0.4833333194255829,
    "test_acc_rnn_fold_1_n_train_950": 0.50560063123703,
    "val_loss_rnn_fold_3_n_train_950": 0.8144528269767761,
    "val_loss_rnn_fold_6_n_train_950": 0.8138894438743591,
    "train_acc_rnn_fold_6_n_train_950": 0.5073684453964233,
    "final_train_loss_rnn_fold_3_n_train_950": 0.8659484148025512,
    "graph_5": {
        "sha256": "8413da775c010e1ff46118f12ecf2b6a44d731c1f2da4514fe9895f597cb7d65",
        "path": "media/graph/graph_5_summary_8413da77.graph.json",
        "size": 484,
        "_type": "graph-file"
    },
    "final_val_acc_rnn_fold_2_n_train_950": 0.4637681245803833,
    "final_train_acc_rnn_fold_10_n_train_950": 0.4884210526943207,
    "final_train_loss_rnn_fold_4_n_train_950": 0.8254442334175109,
    "val_acc_rnn_fold_6_n_train_950": 0.47200000286102295,
    "val_loss_rnn_fold_5_n_train_950": 0.8574993014335632,
    "val_loss_rnn_fold_8_n_train_950": 0.8006521761417389,
    "final_val_loss_rnn_fold_1_n_train_950": 0.7956099212169647,
    "final_train_loss_rnn_fold_6_n_train_950": 0.8590799689292907,
    "val_acc_rnn_fold_7_n_train_950": 0.6115702390670776,
    "avg_test_loss_950": 0.822009265422821,
    "val_acc_rnn_fold_5_n_train_950": 0.462184876203537,
    "val_acc_rnn_fold_10_n_train_950": 0.5103448033332825,
    "test_loss_rnn_fold_5_n_train_950": 0.8755195442301033,
    "train_acc_rnn_fold_1_n_train_950": 0.5084210634231567,
    "final_train_acc_rnn_fold_5_n_train_950": 0.5052631497383118,
    "final_train_acc_rnn_fold_3_n_train_950": 0.5010526180267334,
    "graph_0": {
        "sha256": "acaa9e466602b6627ae29ef87d86f89fd01c6d45d90447c8bb02e2c3f0ee1fec",
        "path": "media/graph/graph_0_summary_acaa9e46.graph.json",
        "size": 484,
        "_type": "graph-file"
    },
    "graph_1": {
        "path": "media/graph/graph_1_summary_d9506aa6.graph.json",
        "size": 484,
        "_type": "graph-file",