{
    "avg_train_acc_950": 0.5141052603721619,
    "test_acc_lstm_fold_6_n_train_950": 0.4904507398605346,
    "final_train_acc_lstm_fold_8_n_train_950": 0.5042105317115784,
    "final_train_loss_lstm_fold_10_n_train_950": 2.100241184234619,
    "n_parameters": 4900,
    "final_train_loss_lstm_fold_3_n_train_950": 2.0650065898895265,
    "final_train_loss_lstm_fold_4_n_train_950": 1.9378039479255675,
    "test_acc_lstm_fold_7_n_train_950": 0.5063632726669312,
    "val_loss_lstm_fold_8_n_train_950": 1.7695575952529907,
    "train_acc_lstm_fold_2_n_train_950": 0.527368426322937,
    "final_val_acc_lstm_fold_6_n_train_950": 0.47200000286102295,
    "avg_val_loss_950": 1.8656837940216064,
    "avg_train_loss_950": 1.969699501991272,
    "test_acc_lstm_fold_3_n_train_950": 0.5026676654815674,
    "train_acc_lstm_fold_3_n_train_950": 0.5021052360534668,
    "train_acc_lstm_fold_5_n_train_950": 0.5147368311882019,
    "train_loss_lstm_fold_8_n_train_950": 1.8964173078536988,
    "final_val_acc_lstm_fold_1_n_train_950": 0.5,
    "final_train_loss_lstm_fold_7_n_train_950": 1.9642772436141969,
    "graph_1": {
        "path": "media/graph/graph_1_summary_ee046e48.graph.json",
        "size": 410,
        "_type": "graph-file",
        "sha256": "ee046e489db62e2252449ae018c91f6310b05ff89cd1611e96eea6dc301a2751"
    },
    "final_val_loss_lstm_fold_3_n_train_950": 1.9950263500213623,
    "final_train_loss_lstm_fold_6_n_train_950": 1.9810930490493777,
    "graph_9": {
        "path": "media/graph/graph_9_summary_bf3833fd.graph.json",
        "size": 410,
        "_type": "graph-file",
        "sha256": "bf3833fd34c14e862c1c9673532206d096d9db227de17bde92415e8f1c338da2"
    },
    "test_loss_lstm_fold_3_n_train_950": 2.0021246746636745,
    "test_loss_lstm_fold_5_n_train_950": 1.9685459535434051,
    "val_loss_lstm_fold_6_n_train_950": 1.896006405353546,
    "final_val_loss_lstm_fold_4_n_train_950": 1.791086196899414,
    "final_val_acc_lstm_fold_5_n_train_950": 0.462184876203537,
    "final_train_acc_lstm_fold_10_n_train_950": 0.5147368311882019,
    "test_loss_lstm_fold_2_n_train_950": 1.864710942922445,
    "final_val_loss_lstm_fold_5_n_train_950": 1.991063117980957,
    "avg_test_acc_950": 0.4985272288322449,
    "val_loss_lstm_fold_3_n_train_950": 1.9950263500213623,
    "test_loss_lstm_fold_4_n_train_950": 1.7738062635587808,
    "test_loss_lstm_fold_8_n_train_950": 1.760223578461956,
    "_runtime": 94,
    "final_val_loss_lstm_fold_1_n_train_950": 1.6247603297233582,
    "final_train_acc_lstm_fold_1_n_train_950": 0.5042105317115784,
    "graph_4": {
        "path": "media/graph/graph_4_summary_21c9e74e.graph.json",
        "size": 410,
        "_type": "graph-file",
        "sha256": "21c9e74ede37d6d8a541a5c73dbcadd75525080869d9ff502d7f278643d8abe0"
    },
    "val_loss_lstm_fold_10_n_train_950": 2.037544012069702,
    "final_train_acc_lstm_fold_2_n_train_950": 0.527368426322937,
    "final_train_acc_lstm_fold_3_n_train_950": 0.5021052360534668,
    "final_train_loss_lstm_fold_1_n_train_950": 1.829767632484436,
    "test_acc_lstm_fold_8_n_train_950": 0.501165509223938,
    "val_loss_lstm_fold_7_n_train_950": 1.876950442790985,
    "final_val_loss_lstm_fold_8_n_train_950": 1.7695575952529907,
    "train_acc_lstm_fold_6_n_train_950": 0.5442105531692505,
    "final_val_loss_lstm_fold_10_n_train_950": 2.037544012069702,
    "train_loss_lstm_fold_7_n_train_950": 1.9642772436141969,
    "train_loss_lstm_fold_9_n_train_950": 1.9330132246017455,
    "graph_3": {
        "_type": "graph-file",
        "sha256": "b3d6e9016cf1485a7c99d85b91017bad47576f300ca6fcbf0724f82c349befd4",
        "path": "media/graph/graph_3_summary_b3d6e901.graph.json",
        "size": 410
    },
    "test_acc_lstm_fold_9_n_train_950": 0.496445506811142,
    "train_acc_lstm_fold_9_n_train_950": 0.5042105317115784,
    "val_acc_lstm_fold_2_n_train_950": 0.4637681245803833,
    "val_loss_lstm_fold_1_n_train_950": 1.6247603297233582,
    "train_loss_lstm_fold_1_n_train_950": 1.829767632484436,
    "train_loss_lstm_fold_10_n_train_950": 2.100241184234619,
    "final_train_acc_lstm_fold_7_n_train_950": 0.49157893657684326,
    "graph_0": {
        "_type": "graph-file",
        "sha256": "86c1397c08bd73fd03abaaeb21228e7d3dcc5630e70cd975d4d2fac99e364af1",
        "path": "media/graph/graph_0_summary_86c1397c.graph.json",
        "size": 410
    },
    "val_acc_lstm_fold_9_n_train_950": 0.47058823704719543,
    "train_loss_lstm_fold_2_n_train_950": 1.9579373598098757,
    "final_train_acc_lstm_fold_5_n_train_950": 0.5147368311882019,
    "final_val_acc_lstm_fold_3_n_train_950": 0.5073529481887817,
    "final_val_loss_lstm_fold_2_n_train_950": 1.8630054593086245,
    "final_val_loss_lstm_fold_9_n_train_950": 1.8118374347686768,
    "graph_6": {
        "sha256": "5b70c59dacfc77bcc9aeb46f25bf5d664b500411b2b0ab572b7f5d602d533597",
        "path": "media/graph/graph_6_summary_5b70c59d.graph.json",
        "size": 410,
        "_type": "graph-file"
    },
    "test_acc_lstm_fold_4_n_train_950": 0.4996006488800049,
    "val_loss_lstm_fold_5_n_train_950": 1.991063117980957,
    "train_acc_lstm_fold_7_n_train_950": 0.49157893657684326,
    "val_acc_lstm_fold_5_n_train_950": 0.462184876203537,
    "test_acc_lstm_fold_2_n_train_950": 0.5040276050567627,
    "train_acc_lstm_fold_1_n_train_950": 0.5042105317115784,
    "final_val_acc_lstm_fold_9_n_train_950": 0.47058823704719543,
    "final_train_loss_lstm_fold_2_n_train_950": 1.9579373598098757,
    "final_train_loss_lstm_fold_9_n_train_950": 1.9330132246017455,
    "_timestamp": 1617183953,
    "val_acc_lstm_fold_1_n_train_950": 0.5,
    "val_loss_lstm_fold_9_n_train_950": 1.8118374347686768,
    "test_loss_lstm_fold_7_n_train_950": 1.8656594679248044,
    "train_loss_lstm_fold_5_n_train_950": 2.031436586380005,
    "val_acc_lstm_fold_7_n_train_950": 0.3884297609329224,
    "val_acc_lstm_fold_8_n_train_950": 0.5166666507720947,
    "test_acc_lstm_fold_1_n_train_950": 0.50560063123703,
    "test_loss_lstm_fold_1_n_train_950": 1.62777233202055,
    "train_loss_lstm_fold_3_n_train_950": 2.0650065898895265,
    "train_loss_lstm_fold_6_n_train_950": 1.9810930490493777,
    "final_train_acc_lstm_fold_6_n_train_950": 0.5442105531692505,
    "avg_test_loss_950": 1.8593685626983645,
    "val_acc_lstm_fold_3_n_train_950": 0.5073529481887817,
    "val_acc_lstm_fold_6_n_train_950": 0.47200000286102295,
    "graph_2": {
        "sha256": "95e44ba13c8a76d9bd5329f9fae70a8c85c3d443e8d928330c35cf618b291758",
        "path": "media/graph/graph_2_summary_95e44ba1.graph.json",
        "size": 410,
        "_type": "graph-file"
    },
    "train_loss_lstm_fold_4_n_train_950": 1.9378039479255675,
    "final_val_loss_lstm_fold_6_n_train_950": 1.896006405353546,
    "final_train_loss_lstm_fold_8_n_train_950": 1.8964173078536988,
    "test_acc_lstm_fold_5_n_train_950": 0.496219664812088,
    "val_acc_lstm_fold_10_n_train_950": 0.5103448033332825,
    "val_loss_lstm_fold_4_n_train_950": 1.791086196899414,
    "test_loss_lstm_fold_9_n_train_950": 1.7904471885442357,
    "final_val_acc_lstm_fold_7_n_train_950": 0.3884297609329224,
    "final_train_acc_lstm_fold_4_n_train_950": 0.5336841940879822,
    "val_loss_lstm_fold_2_n_train_950": 1.8630054593086245,
    "test_loss_lstm_fold_10_n_train_950": 2.0473655909477317,
    "final_val_loss_lstm_fold_7_n_train_950": 1.876950442790985,
    "test_loss_lstm_fold_6_n_train_950": 1.893028699914584,
    "final_val_acc_lstm_fold_10_n_train_950": 0.5103448033332825,
    "graph_5": {
        "path": "media/graph/graph_5_summary_d14155db.graph.json",
        "size": 410,
        "_type": "graph-file",
        "sha256": "d14155dbcbee8f45e6c387846d573868c6997e385b0676d4ed7422d2fabc71a6"
    },
    "graph_7": {
        "_type": "graph-file",
        "sha256": "63a3224d56236df073e7bed992a0ac95aaf66f851def34256acaa0bc70222728",
        "path": "media/graph/graph_7_summary_63a3224d.graph.json",
        "size": 410
    },