{
    "val_acc_rnn_fold_10_n_train_950": 0.19499999284744263,
    "train_acc_rnn_fold_3_n_train_950": 0.25684210658073425,
    "train_loss_rnn_fold_10_n_train_950": 1.3942665934562684,
    "test_acc_rnn_fold_1_n_train_950": 0.2524999976158142,
    "val_loss_rnn_fold_2_n_train_950": 1.3985267877578735,
    "train_acc_rnn_fold_5_n_train_950": 0.24736842513084412,
    "train_acc_rnn_fold_10_n_train_950": 0.2642105221748352,
    "train_loss_rnn_fold_3_n_train_950": 1.3970855951309205,
    "final_val_acc_rnn_fold_1_n_train_950": 0.2300000041723251,
    "final_val_acc_rnn_fold_9_n_train_950": 0.29499998688697815,
    "final_train_loss_rnn_fold_4_n_train_950": 1.3969021558761596,
    "avg_val_acc_950": 0.2629999816417694,
    "avg_test_loss_950": 1.3964627981185913,
    "val_acc_rnn_fold_2_n_train_950": 0.25,
    "val_acc_rnn_fold_3_n_train_950": 0.23999999463558197,
    "test_acc_rnn_fold_3_n_train_950": 0.24375000596046448,
    "graph_1": {
        "size": 484,
        "_type": "graph-file",
        "sha256": "b44cd23b830f357d38ebfeeed768921b02c5cdb26c4fa2e075dae857f97e79a9",
        "path": "media/graph/graph_1_summary_b44cd23b.graph.json"
    },
    "val_loss_rnn_fold_8_n_train_950": 1.4024736881256104,
    "val_acc_rnn_fold_8_n_train_950": 0.2150000035762787,
    "train_loss_rnn_fold_8_n_train_950": 1.395278549194336,
    "final_val_loss_rnn_fold_4_n_train_950": 1.3942302465438845,
    "final_val_loss_rnn_fold_6_n_train_950": 1.3931153416633606,
    "final_train_acc_rnn_fold_1_n_train_950": 0.27052631974220276,
    "val_loss_rnn_fold_5_n_train_950": 1.3972318172454834,
    "final_train_acc_rnn_fold_10_n_train_950": 0.25684210658073425,
    "final_val_acc_rnn_fold_8_n_train_950": 0.2150000035762787,
    "test_loss_rnn_fold_1_n_train_950": 1.3962318391501904,
    "final_val_loss_rnn_fold_10_n_train_950": 1.4113141298294067,
    "graph_4": {
        "path": "media/graph/graph_4_summary_669af5b2.graph.json",
        "size": 484,
        "_type": "graph-file",
        "sha256": "669af5b24b08dfd891612916a6d48ac697f0c6f9e775e2c4a76a4d84ef7fa8ac"
    },
    "train_acc_rnn_fold_7_n_train_950": 0.296842098236084,
    "final_train_loss_rnn_fold_2_n_train_950": 1.400152051448822,
    "test_loss_rnn_fold_4_n_train_950": 1.3964292986094953,
    "test_acc_rnn_fold_9_n_train_950": 0.2370000034570694,
    "final_val_acc_rnn_fold_4_n_train_950": 0.2800000011920929,
    "val_acc_rnn_fold_6_n_train_950": 0.27000001072883606,
    "final_train_acc_rnn_fold_7_n_train_950": 0.30210527777671814,
    "final_val_acc_rnn_fold_10_n_train_950": 0.22499999403953552,
    "_timestamp": 1617183052,
    "avg_val_loss_950": 1.3950397968292236,
    "test_acc_rnn_fold_4_n_train_950": 0.2529999911785126,
    "test_loss_rnn_fold_9_n_train_950": 1.3992009701132777,
    "train_acc_rnn_fold_2_n_train_950": 0.25999999046325684,
    "final_train_acc_rnn_fold_5_n_train_950": 0.25684210658073425,
    "final_train_acc_rnn_fold_6_n_train_950": 0.27052631974220276,
    "graph_8": {
        "_type": "graph-file",
        "sha256": "cecdc59f694536616ba2af63bb1d85dd5136f7d2a7c40cb7fbb3995e3982f09a",
        "path": "media/graph/graph_8_summary_cecdc59f.graph.json",
        "size": 484
    },
    "final_train_loss_rnn_fold_1_n_train_950": 1.3953179240226743,
    "train_loss_rnn_fold_5_n_train_950": 1.395596981048584,
    "final_val_acc_rnn_fold_6_n_train_950": 0.27000001072883606,
    "final_train_acc_rnn_fold_2_n_train_950": 0.23999999463558197,
    "final_train_loss_rnn_fold_7_n_train_950": 1.389098048210144,
    "val_acc_rnn_fold_7_n_train_950": 0.2450000047683716,
    "val_acc_rnn_fold_1_n_train_950": 0.2300000041723251,
    "final_val_loss_rnn_fold_2_n_train_950": 1.392449915409088,
    "final_train_loss_rnn_fold_10_n_train_950": 1.4005023121833802,
    "avg_train_acc_950": 0.2642105221748352,
    "graph_9": {
        "sha256": "06e6908d76ce7bdba2f248597ad39f0cb16d8334dac29b222f350d66a3268a95",
        "path": "media/graph/graph_9_summary_06e6908d.graph.json",
        "size": 484,
        "_type": "graph-file"
    },
    "val_loss_rnn_fold_4_n_train_950": 1.3942302465438845,
    "val_loss_rnn_fold_10_n_train_950": 1.4156043529510498,
    "train_loss_rnn_fold_4_n_train_950": 1.3969021558761596,
    "train_loss_rnn_fold_7_n_train_950": 1.3887086391448975,
    "graph_2": {
        "_type": "graph-file",
        "sha256": "c7660326f0a283f7f44ea3a47d5fbda8814d6b4a9c4cf835ff336a8aa87ec1c8",
        "path": "media/graph/graph_2_summary_c7660326.graph.json",
        "size": 484
    },
    "test_acc_rnn_fold_10_n_train_950": 0.24525000154972076,
    "test_loss_rnn_fold_5_n_train_950": 1.3958458302915095,
    "train_loss_rnn_fold_9_n_train_950": 1.3959804058074952,
    "final_val_acc_rnn_fold_7_n_train_950": 0.30000001192092896,
    "final_train_acc_rnn_fold_4_n_train_950": 0.27157893776893616,
    "val_acc_rnn_fold_9_n_train_950": 0.29499998688697815,
    "test_loss_rnn_fold_3_n_train_950": 1.3980862823426723,
    "final_train_loss_rnn_fold_8_n_train_950": 1.395278549194336,
    "graph_0": {
        "path": "media/graph/graph_0_summary_5c170b36.graph.json",
        "size": 484,
        "_type": "graph-file",
        "sha256": "5c170b365407aaf7d7138cc43f4d9833ff00b41dcf02ca94a2409903a6636c2b"
    },
    "val_acc_rnn_fold_4_n_train_950": 0.2800000011920929,
    "test_loss_rnn_fold_8_n_train_950": 1.398305227547884,
    "final_train_loss_rnn_fold_9_n_train_950": 1.3996907711029052,
    "avg_test_acc_950": 0.2536500096321106,
    "graph_7": {
        "sha256": "c783809f6c99021f53dce6d6526bd2a9ec4bcec3519a8e2e1f0ddd76a60fe466",
        "path": "media/graph/graph_7_summary_c783809f.graph.json",
        "size": 484,
        "_type": "graph-file"
    },
    "train_acc_rnn_fold_6_n_train_950": 0.27052631974220276,
    "final_val_loss_rnn_fold_3_n_train_950": 1.3981378078460691,
    "final_train_acc_rnn_fold_8_n_train_950": 0.27473685145378113,
    "final_train_loss_rnn_fold_3_n_train_950": 1.4008912920951844,
    "graph_3": {
        "path": "media/graph/graph_3_summary_986b0ace.graph.json",
        "size": 484,
        "_type": "graph-file",
        "sha256": "986b0ace5f654d4a1d4c2218259ae740e6c5db06876334461c820c6b273f9787"
    },
    "val_loss_rnn_fold_9_n_train_950": 1.394025802612305,
    "train_loss_rnn_fold_2_n_train_950": 1.396824562549591,
    "final_val_loss_rnn_fold_9_n_train_950": 1.3898372650146484,
    "n_parameters": 3863,
    "test_acc_rnn_fold_2_n_train_950": 0.2644999921321869,
    "test_loss_rnn_fold_2_n_train_950": 1.3976145115196703,
    "train_acc_rnn_fold_9_n_train_950": 0.24105262756347656,
    "val_loss_rnn_fold_3_n_train_950": 1.3989749550819397,
    "test_acc_rnn_fold_8_n_train_950": 0.2460000067949295,
    "train_loss_rnn_fold_1_n_train_950": 1.3953179240226743,
    "final_val_acc_rnn_fold_2_n_train_950": 0.25,
    "final_val_loss_rnn_fold_5_n_train_950": 1.3886966109275818,
    "graph_6": {
        "size": 484,
        "_type": "graph-file",
        "sha256": "ed88695b15e676dd24ef9fa48884ee63cfcf06f04b1704ab18b43cb3636b1abd",
        "path": "media/graph/graph_6_summary_ed88695b.graph.json"
    },
    "test_acc_rnn_fold_5_n_train_950": 0.25325000286102295,
    "final_val_loss_rnn_fold_1_n_train_950": 1.3981778025627136,
    "avg_train_loss_950": 1.39703631401062,
    "val_loss_rnn_fold_7_n_train_950": 1.402996301651001,
    "test_loss_rnn_fold_10_n_train_950": 1.4011296989321709,
    "final_val_acc_rnn_fold_5_n_train_950": 0.33000001311302185,
    "final_val_loss_rnn_fold_7_n_train_950": 1.3819642663002014,
    "final_train_acc_rnn_fold_3_n_train_950": 0.24631579220294952,
    "_runtime": 90,
    "test_loss_rnn_fold_7_n_train_950": 1.384851513594389,
    "train_acc_rnn_fold_4_n_train_950": 0.27157893776893616,
    "final_train_acc_rnn_fold_9_n_train_950": 0.2526315748691559,
    "test_acc_rnn_fold_6_n_train_950": 0.24549999833106995,
    "train_acc_rnn_fold_1_n_train_950": 0.27052631974220276,
    "final_train_loss_rnn_fold_6_n_train_950": 1.394765555858612,
    "_step": 119,