{
    "graph_1": {
        "path": "media/graph/graph_1_summary_6a7d74a1.graph.json",
        "size": 484,
        "_type": "graph-file",
        "sha256": "6a7d74a10152acc27fd3b1458b4746561ee1fde8827f046f82526bcd0347d5a0"
    },
    "graph_3": {
        "path": "media/graph/graph_3_summary_9496a383.graph.json",
        "size": 484,
        "_type": "graph-file",
        "sha256": "9496a383e844fa0fad65bfed3070a3234767b248c5c4b7e614b462770ec510b1"
    },
    "test_acc_rnn_fold_6_n_train_950": 0.2179999947547913,
    "train_loss_rnn_fold_7_n_train_950": 1.389436089992523,
    "avg_val_loss_950": 1.391146540641785,
    "final_val_acc_rnn_fold_3_n_train_950": 0.25999999046325684,
    "final_val_loss_rnn_fold_4_n_train_950": 1.3922762870788574,
    "final_train_loss_rnn_fold_3_n_train_950": 1.3895976185798644,
    "val_acc_rnn_fold_3_n_train_950": 0.25999999046325684,
    "val_loss_rnn_fold_8_n_train_950": 1.4044678211212158,
    "train_acc_rnn_fold_4_n_train_950": 0.25894737243652344,
    "final_val_acc_rnn_fold_2_n_train_950": 0.20000000298023224,
    "test_loss_rnn_fold_7_n_train_950": 1.3952005776166916,
    "final_val_acc_rnn_fold_4_n_train_950": 0.119999997317791,
    "final_val_acc_rnn_fold_10_n_train_950": 0.23999999463558197,
    "final_val_loss_rnn_fold_6_n_train_950": 1.392020583152771,
    "final_train_acc_rnn_fold_9_n_train_950": 0.25789472460746765,
    "_step": 519,
    "graph_4": {
        "path": "media/graph/graph_4_summary_cb18bbf3.graph.json",
        "size": 484,
        "_type": "graph-file",
        "sha256": "cb18bbf3f64a9548f0d7e9bb5ae581beedc7804d08874f5db1af3ee1627efd00"
    },
    "test_loss_rnn_fold_2_n_train_950": 1.390617181897163,
    "test_acc_rnn_fold_7_n_train_950": 0.22200000286102295,
    "final_train_acc_rnn_fold_2_n_train_950": 0.24736842513084412,
    "final_train_acc_rnn_fold_6_n_train_950": 0.2631579041481018,
    "val_acc_rnn_fold_1_n_train_950": 0.18000000715255737,
    "train_acc_rnn_fold_2_n_train_950": 0.2610526382923126,
    "final_val_loss_rnn_fold_5_n_train_950": 1.3851194381713867,
    "graph_9": {
        "path": "media/graph/graph_9_summary_4d0b53d4.graph.json",
        "size": 484,
        "_type": "graph-file",
        "sha256": "4d0b53d4f5b605d6bdc22d1d498c98fa1012a1aa8d977187d814ac7906408f82"
    },
    "test_acc_rnn_fold_9_n_train_950": 0.2450000047683716,
    "train_acc_rnn_fold_7_n_train_950": 0.2610526382923126,
    "train_loss_rnn_fold_6_n_train_950": 1.3898303031921386,
    "final_val_loss_rnn_fold_2_n_train_950": 1.392933368682861,
    "graph_6": {
        "path": "media/graph/graph_6_summary_ca0c9b9b.graph.json",
        "size": 484,
        "_type": "graph-file",
        "sha256": "ca0c9b9bc2677854298e548b289f2705f2dc7fd27c3194693bbd33ed935c3203"
    },
    "val_acc_rnn_fold_2_n_train_950": 0.2199999988079071,
    "test_acc_rnn_fold_2_n_train_950": 0.2409999966621399,
    "val_loss_rnn_fold_5_n_train_950": 1.3891655206680298,
    "test_loss_rnn_fold_4_n_train_950": 1.3903521258831024,
    "final_val_loss_rnn_fold_3_n_train_950": 1.3856309652328491,
    "final_val_loss_rnn_fold_10_n_train_950": 1.3950039148330688,
    "final_train_loss_rnn_fold_4_n_train_950": 1.3902639508247376,
    "val_acc_rnn_fold_7_n_train_950": 0.20000000298023224,
    "test_acc_rnn_fold_4_n_train_950": 0.2590000033378601,
    "test_acc_rnn_fold_10_n_train_950": 0.2529999911785126,
    "val_loss_rnn_fold_1_n_train_950": 1.4017319679260254,
    "test_loss_rnn_fold_3_n_train_950": 1.3969252992868424,
    "final_train_acc_rnn_fold_4_n_train_950": 0.25894737243652344,
    "final_train_loss_rnn_fold_2_n_train_950": 1.3896363973617554,
    "avg_val_acc_950": 0.2240000069141388,
    "val_acc_rnn_fold_5_n_train_950": 0.2800000011920929,
    "val_loss_rnn_fold_7_n_train_950": 1.3912169933319092,
    "graph_5": {
        "size": 484,
        "_type": "graph-file",
        "sha256": "02bd74d78b7d5f98c66bf996d17405d4bcedc8d5f9164641e487d3b495c2059b",
        "path": "media/graph/graph_5_summary_02bd74d7.graph.json"
    },
    "avg_test_acc_950": 0.23930001258850095,
    "train_acc_rnn_fold_1_n_train_950": 0.2778947353363037,
    "train_acc_rnn_fold_8_n_train_950": 0.2810526192188263,
    "final_val_acc_rnn_fold_5_n_train_950": 0.2800000011920929,
    "graph_0": {
        "sha256": "eb63121d87bf199f8d488ad342a93b5e84503cfc82f59797db83c83df31d9cdf",
        "path": "media/graph/graph_0_summary_eb63121d.graph.json",
        "size": 484,
        "_type": "graph-file"
    },
    "final_train_acc_rnn_fold_8_n_train_950": 0.2810526192188263,
    "final_train_acc_rnn_fold_10_n_train_950": 0.27052631974220276,
    "avg_test_loss_950": 1.393348217010498,
    "val_acc_rnn_fold_6_n_train_950": 0.18000000715255737,
    "val_acc_rnn_fold_8_n_train_950": 0.14000000059604645,
    "val_loss_rnn_fold_9_n_train_950": 1.3879377841949463,
    "train_acc_rnn_fold_5_n_train_950": 0.24736842513084412,
    "test_acc_rnn_fold_5_n_train_950": 0.2240000069141388,
    "val_loss_rnn_fold_2_n_train_950": 1.3948311805725098,
    "test_loss_rnn_fold_10_n_train_950": 1.3919439165592191,
    "train_loss_rnn_fold_2_n_train_950": 1.38999046087265,
    "train_loss_rnn_fold_4_n_train_950": 1.3894471526145935,
    "train_loss_rnn_fold_5_n_train_950": 1.3906929612159729,
    "final_val_acc_rnn_fold_9_n_train_950": 0.30000001192092896,
    "graph_2": {
        "path": "media/graph/graph_2_summary_c0c3b9d6.graph.json",
        "size": 484,
        "_type": "graph-file",
        "sha256": "c0c3b9d611c0ce0140f3c28b863853ce448cf643021593c5ed23ef2c0e160025"
    },
    "train_acc_rnn_fold_9_n_train_950": 0.269473671913147,
    "final_train_loss_rnn_fold_9_n_train_950": 1.3888850688934329,
    "graph_7": {
        "path": "media/graph/graph_7_summary_dd650717.graph.json",
        "size": 484,
        "_type": "graph-file",
        "sha256": "dd650717f42e7abe66dbda53ee2eb99fea94922c10bcbe42628e2f38116f4113"
    },
    "avg_train_loss_950": 1.389742136001587,
    "val_loss_rnn_fold_4_n_train_950": 1.4053750038146973,
    "final_val_acc_rnn_fold_8_n_train_950": 0.14000000059604645,
    "final_val_loss_rnn_fold_1_n_train_950": 1.3987847566604614,
    "final_val_loss_rnn_fold_8_n_train_950": 1.3974071741104126,
    "final_train_acc_rnn_fold_1_n_train_950": 0.2778947353363037,
    "graph_8": {
        "_type": "graph-file",
        "sha256": "cd6504623aff38d05b11801e3ef5a8ad59e7350b6dab021a8c3a1827c52d42b5",
        "path": "media/graph/graph_8_summary_cd650462.graph.json",
        "size": 484
    },
    "test_acc_rnn_fold_1_n_train_950": 0.2150000035762787,
    "val_acc_rnn_fold_10_n_train_950": 0.23999999463558197,
    "test_loss_rnn_fold_6_n_train_950": 1.3950908559560775,
    "train_loss_rnn_fold_1_n_train_950": 1.3878767013549804,
    "final_val_acc_rnn_fold_1_n_train_950": 0.18000000715255737,
    "avg_train_acc_950": 0.2593684494495392,
    "test_acc_rnn_fold_3_n_train_950": 0.26499998569488525,
    "train_acc_rnn_fold_6_n_train_950": 0.2631579041481018,
    "n_parameters": 4368,
    "val_loss_rnn_fold_6_n_train_950": 1.3982887268066406,
    "val_loss_rnn_fold_10_n_train_950": 1.4036717414855957,
    "final_train_loss_rnn_fold_10_n_train_950": 1.3895896553993226,
    "test_loss_rnn_fold_9_n_train_950": 1.3914986819028854,
    "final_val_acc_rnn_fold_7_n_train_950": 0.3400000035762787,
    "_runtime": 80,
    "test_acc_rnn_fold_8_n_train_950": 0.25099998712539673,
    "train_acc_rnn_fold_10_n_train_950": 0.27052631974220276,
    "final_val_loss_rnn_fold_9_n_train_950": 1.387418508529663,
    "final_train_loss_rnn_fold_6_n_train_950": 1.3900171995162964,
    "final_train_loss_rnn_fold_7_n_train_950": 1.3907596230506898,
    "test_loss_rnn_fold_5_n_train_950": 1.3907246778011322,
    "final_train_acc_rnn_fold_7_n_train_950": 0.25999999046325684,
    "val_acc_rnn_fold_4_n_train_950": 0.119999997317791,
    "final_train_acc_rnn_fold_5_n_train_950": 0.24631579220294952,
    "final_train_loss_rnn_fold_1_n_train_950": 1.3886956930160523,