{
    "final_train_loss_lstm_fold_3_n_train_950": 1.39259535074234,
    "final_train_loss_lstm_fold_7_n_train_950": 1.3936118960380557,
    "val_acc_lstm_fold_4_n_train_950": 0.2800000011920929,
    "test_acc_lstm_fold_2_n_train_950": 0.25075000524520874,
    "test_loss_lstm_fold_9_n_train_950": 1.3951510505974292,
    "train_loss_lstm_fold_3_n_train_950": 1.39259535074234,
    "final_val_acc_lstm_fold_4_n_train_950": 0.2800000011920929,
    "test_acc_lstm_fold_4_n_train_950": 0.2529999911785126,
    "train_acc_lstm_fold_6_n_train_950": 0.24315789341926575,
    "final_val_loss_lstm_fold_8_n_train_950": 1.3895536661148071,
    "n_parameters": 6250,
    "avg_test_acc_950": 0.24950000643730164,
    "val_loss_lstm_fold_6_n_train_950": 1.3944917917251587,
    "train_loss_lstm_fold_10_n_train_950": 1.3906185626983645,
    "graph_0": {
        "path": "media/graph/graph_0_summary_ed06c6cc.graph.json",
        "size": 410,
        "_type": "graph-file",
        "sha256": "ed06c6cc7a1a87c803081165e91dbe26846c6769738aae068954c2ea8a4db2b7"
    },
    "graph_2": {
        "path": "media/graph/graph_2_summary_52926a9d.graph.json",
        "size": 410,
        "_type": "graph-file",
        "sha256": "52926a9daddaa557aa61ead0b6ba38bef1a7f7c30e7ab5396685663b80c9f2d5"
    },
    "graph_3": {
        "path": "media/graph/graph_3_summary_6c1fc314.graph.json",
        "size": 410,
        "_type": "graph-file",
        "sha256": "6c1fc314b4c243875397b9a2d88de194430736990878c46679dd5b870dac2e2a"
    },
    "test_loss_lstm_fold_8_n_train_950": 1.3923702268898488,
    "test_loss_lstm_fold_10_n_train_950": 1.4002015019059182,
    "avg_val_loss_950": 1.388274908065796,
    "train_acc_lstm_fold_5_n_train_950": 0.25473684072494507,
    "final_val_acc_lstm_fold_1_n_train_950": 0.25,
    "_runtime": 131,
    "test_acc_lstm_fold_6_n_train_950": 0.24549999833106995,
    "final_val_acc_lstm_fold_9_n_train_950": 0.29499998688697815,
    "final_train_acc_lstm_fold_1_n_train_950": 0.2768421173095703,
    "final_train_acc_lstm_fold_7_n_train_950": 0.2757894694805145,
    "_timestamp": 1617183589,
    "val_acc_lstm_fold_5_n_train_950": 0.33000001311302185,
    "train_acc_lstm_fold_2_n_train_950": 0.25894737243652344,
    "val_loss_lstm_fold_10_n_train_950": 1.3805740475654602,
    "final_train_loss_lstm_fold_8_n_train_950": 1.392249596118927,
    "val_acc_lstm_fold_9_n_train_950": 0.2199999988079071,
    "test_acc_lstm_fold_5_n_train_950": 0.25325000286102295,
    "val_acc_lstm_fold_10_n_train_950": 0.3400000035762787,
    "val_loss_lstm_fold_7_n_train_950": 1.4033543467521667,
    "train_loss_lstm_fold_6_n_train_950": 1.3920184254646302,
    "final_val_acc_lstm_fold_3_n_train_950": 0.25999999046325684,
    "final_val_acc_lstm_fold_5_n_train_950": 0.33000001311302185,
    "test_acc_lstm_fold_7_n_train_950": 0.24799999594688416,
    "val_loss_lstm_fold_5_n_train_950": 1.3875519633293152,
    "train_loss_lstm_fold_2_n_train_950": 1.3911049365997314,
    "train_loss_lstm_fold_9_n_train_950": 1.3927775263786315,
    "final_val_acc_lstm_fold_2_n_train_950": 0.3199999928474426,
    "train_acc_lstm_fold_10_n_train_950": 0.25789472460746765,
    "final_train_loss_lstm_fold_9_n_train_950": 1.393455684185028,
    "val_loss_lstm_fold_8_n_train_950": 1.3944197297096252,
    "train_acc_lstm_fold_9_n_train_950": 0.24736842513084412,
    "graph_9": {
        "path": "media/graph/graph_9_summary_ddd53eae.graph.json",
        "size": 410,
        "_type": "graph-file",
        "sha256": "ddd53eae729232b1bfe9e3a84bd3e0c80ccc37956cb5336241864ebb9ffeeeb9"
    },
    "avg_val_acc_950": 0.2900000214576721,
    "val_loss_lstm_fold_1_n_train_950": 1.3943699598312378,
    "test_loss_lstm_fold_6_n_train_950": 1.3932249408662318,
    "final_train_acc_lstm_fold_2_n_train_950": 0.262105256319046,
    "test_acc_lstm_fold_1_n_train_950": 0.2527500092983246,
    "train_acc_lstm_fold_4_n_train_950": 0.24105262756347656,
    "test_acc_lstm_fold_8_n_train_950": 0.25600001215934753,
    "test_loss_lstm_fold_1_n_train_950": 1.3952439293265342,
    "final_train_loss_lstm_fold_6_n_train_950": 1.3952186107635498,
    "graph_6": {
        "size": 410,
        "_type": "graph-file",
        "sha256": "d97261553f4831a814cb86f6db8dc0eedf34efe4f86357fbeef6955438ffb7db",
        "path": "media/graph/graph_6_summary_d9726155.graph.json"
    },
    "test_loss_lstm_fold_3_n_train_950": 1.3911663477420806,
    "final_val_acc_lstm_fold_6_n_train_950": 0.27000001072883606,
    "final_val_loss_lstm_fold_2_n_train_950": 1.3851168751716614,
    "final_train_acc_lstm_fold_3_n_train_950": 0.265263170003891,
    "train_loss_lstm_fold_4_n_train_950": 1.39349707365036,
    "final_train_loss_lstm_fold_10_n_train_950": 1.3938525795936585,
    "train_acc_lstm_fold_7_n_train_950": 0.2684210538864136,
    "final_val_loss_lstm_fold_1_n_train_950": 1.3935055136680603,
    "final_train_acc_lstm_fold_8_n_train_950": 0.2757894694805145,
    "_step": 119,
    "test_acc_lstm_fold_10_n_train_950": 0.2447499930858612,
    "final_train_loss_lstm_fold_4_n_train_950": 1.39349707365036,
    "test_acc_lstm_fold_9_n_train_950": 0.2370000034570694,
    "train_loss_lstm_fold_7_n_train_950": 1.3925573468208312,
    "final_train_acc_lstm_fold_6_n_train_950": 0.2442105263471603,
    "final_train_acc_lstm_fold_9_n_train_950": 0.25789472460746765,
    "final_train_loss_lstm_fold_1_n_train_950": 1.3921515464782714,
    "final_val_loss_lstm_fold_9_n_train_950": 1.3883824944496157,
    "final_train_acc_lstm_fold_4_n_train_950": 0.24105262756347656,
    "final_train_acc_lstm_fold_10_n_train_950": 0.2757894694805145,
    "graph_5": {
        "path": "media/graph/graph_5_summary_e0bd8802.graph.json",
        "size": 410,
        "_type": "graph-file",
        "sha256": "e0bd880247d48927b964e17b977cffff7a4f917a6f1e1aceb353cc2bbe9f0f0f"
    },
    "avg_test_loss_950": 1.3948591947555542,
    "test_loss_lstm_fold_2_n_train_950": 1.3951802977621557,
    "final_val_loss_lstm_fold_5_n_train_950": 1.3811876773834229,
    "graph_4": {
        "path": "media/graph/graph_4_summary_8237b64f.graph.json",
        "size": 410,
        "_type": "graph-file",
        "sha256": "8237b64f1e88a69f31ff28fb28413c01df456e22873a9da34813df69bc4e0467"
    },
    "val_loss_lstm_fold_9_n_train_950": 1.3969170451164246,
    "final_val_loss_lstm_fold_6_n_train_950": 1.3905819058418274,
    "graph_1": {
        "size": 410,
        "_type": "graph-file",
        "sha256": "37563c0af2b78800f251d5d958bb931b971583b26383281f0600710ceadd9066",
        "path": "media/graph/graph_1_summary_37563c0a.graph.json"
    },
    "val_acc_lstm_fold_1_n_train_950": 0.25,
    "test_loss_lstm_fold_5_n_train_950": 1.3988353185653686,
    "train_loss_lstm_fold_8_n_train_950": 1.3901074647903442,
    "val_loss_lstm_fold_3_n_train_950": 1.391366183757782,
    "final_val_acc_lstm_fold_10_n_train_950": 0.3400000035762787,
    "final_train_loss_lstm_fold_2_n_train_950": 1.3953715801239013,
    "final_train_loss_lstm_fold_5_n_train_950": 1.3993714690208434,
    "test_acc_lstm_fold_3_n_train_950": 0.2540000081062317,
    "final_val_loss_lstm_fold_4_n_train_950": 1.3906607627868652,
    "val_acc_lstm_fold_2_n_train_950": 0.2150000035762787,
    "train_acc_lstm_fold_8_n_train_950": 0.2757894694805145,
    "final_train_acc_lstm_fold_5_n_train_950": 0.25473684072494507,
    "avg_train_acc_950": 0.2629473805427551,
    "val_acc_lstm_fold_7_n_train_950": 0.19499999284744263,
    "test_loss_lstm_fold_7_n_train_950": 1.394304795652628,
    "train_loss_lstm_fold_5_n_train_950": 1.391882491111755,
    "final_val_loss_lstm_fold_7_n_train_950": 1.3949257135391235,
    "graph_7": {
        "path": "media/graph/graph_7_summary_4cc2fbd2.graph.json",
        "size": 410,
        "_type": "graph-file",
        "sha256": "4cc2fbd24520715e1ef015431b3da40c25d0042497dfd320b8e08a2b9b7acff9"
    },
    "avg_train_loss_950": 1.394137620925903,
    "val_acc_lstm_fold_3_n_train_950": 0.25999999046325684,